{"is_source_file": false, "format": "", "description": "", "external_files": [], "external_methods": [], "published": [], "classes": [], "methods": [], "calls": [], "search-terms": [], "state": 2, "file_id": 4, "knowledge_revision": 7, "git_revision": "395f16b55dab2de42209d4f4b8c3d8b225b5d5df", "hash": "b2a585940990832c79d4a911d9879750", "format-version": 4, "code-base-name": "session_performance_backend", "filename": "README.md", "revision_history": [{"7": "395f16b55dab2de42209d4f4b8c3d8b225b5d5df"}]}