{"is_source_file": true, "file_id": 1, "git_revision": "ade05ff6f6fbfd99afc76f309af62762da8c3056", "state": 2, "description": "", "external_files": [], "external_methods": [], "published": [], "classes": [], "methods": [], "calls": [], "search-terms": [], "ctags": [], "hash": null, "format-version": 4, "code-base-name": "session_performance_backend", "filename": "session_performance_backend/src/api/__init__.py", "knowledge_revision": 6, "revision_history": [{"6": "ade05ff6f6fbfd99afc76f309af62762da8c3056"}]}