{"is_source_file": true, "format": "Python", "description": "This file generates and saves an OpenAPI schema JSON for the application's API by calling the openapi() method on the app object and writes the schema to a file within the 'interfaces' directory.", "external_files": ["src/api/main.py"], "external_methods": ["app.openapi()"], "published": [], "classes": [], "methods": [{"name": "main", "description": "Generates the OpenAPI schema from the app object and writes it to 'interfaces/openapi.json'."}], "calls": ["app.openapi()", "os.makedirs()", "os.path.join()", "json.dump()", "open()"], "search-terms": ["generate_openapi", "openapi_schema", "write openapi.json", "app.openapi()", "interfaces"], "state": 2, "file_id": 2, "knowledge_revision": 9, "git_revision": "ade05ff6f6fbfd99afc76f309af62762da8c3056", "ctags": [{"_type": "tag", "name": "openapi_schema", "path": "/home/kavia/workspace/code-generation/session-performance-optimizer-210728-210737/session_performance_backend/src/api/generate_openapi.py", "pattern": "/^openapi_schema = app.openapi()$/", "language": "Python", "kind": "variable"}, {"_type": "tag", "name": "output_dir", "path": "/home/kavia/workspace/code-generation/session-performance-optimizer-210728-210737/session_performance_backend/src/api/generate_openapi.py", "pattern": "/^output_dir = \"interfaces\"$/", "language": "Python", "kind": "variable"}, {"_type": "tag", "name": "output_path", "path": "/home/kavia/workspace/code-generation/session-performance-optimizer-210728-210737/session_performance_backend/src/api/generate_openapi.py", "pattern": "/^output_path = os.path.join(output_dir, \"openapi.json\")$/", "language": "Python", "kind": "variable"}], "hash": "61e3715e79bc397fab3e70f503a41417", "format-version": 4, "code-base-name": "session_performance_backend", "filename": "session_performance_backend/src/api/generate_openapi.py", "fields": [{"name": "openapi_schema = app.openapi()", "scope": "", "scopeKind": "", "description": "unavailable"}, {"name": "output_dir = \"interfaces\"", "scope": "", "scopeKind": "", "description": "unavailable"}, {"name": "output_path = os.path.join(output_dir, \"openapi.json\")", "scope": "", "scopeKind": "", "description": "unavailable"}], "revision_history": [{"9": "ade05ff6f6fbfd99afc76f309af62762da8c3056"}]}