{"is_source_file": true, "format": "Python", "description": "A FastAPI application setup, defining CORSmiddleware and a simple health check endpoint.", "external_files": ["fastapi", "fastapi.middleware.cors"], "external_methods": ["FastAPI", "CORSMiddleware"], "published": ["app"], "classes": [], "methods": [{"name": "health_check()", "description": "Endpoint function that returns a health status message.", "scope": "", "scopeKind": ""}], "calls": ["app.add_middleware", "CORSMiddleware", "app.get"], "search-terms": ["FastAPI", "CORS", "health check", "main.py", "session_performance_backend"], "state": 2, "file_id": 3, "knowledge_revision": 8, "git_revision": "ade05ff6f6fbfd99afc76f309af62762da8c3056", "ctags": [{"_type": "tag", "name": "app", "path": "/home/kavia/workspace/code-generation/session-performance-optimizer-210728-210737/session_performance_backend/src/api/main.py", "pattern": "/^app = FastAPI()$/", "language": "Python", "kind": "variable"}, {"_type": "tag", "name": "health_check", "path": "/home/kavia/workspace/code-generation/session-performance-optimizer-210728-210737/session_performance_backend/src/api/main.py", "pattern": "/^def health_check():$/", "language": "Python", "kind": "function", "signature": "()"}], "hash": "58352bf5f133908bab16643199aa483d", "format-version": 4, "code-base-name": "session_performance_backend", "filename": "session_performance_backend/src/api/main.py", "fields": [{"name": "app = FastAPI()", "scope": "", "scopeKind": "", "description": "unavailable"}], "revision_history": [{"8": "ade05ff6f6fbfd99afc76f309af62762da8c3056"}]}